{"cameraMode":{"drawMode":0,"name":"Shaded","section":"Shading Mode"},"sceneLighting":false,"audioPlay":false,"sceneViewState":{"showFog":true,"showMaterialUpdate":false,"showSkybox":false,"showFlares":true,"showImageEffects":true,"showParticleSystems":true},"in2DMode":false,"pivot":{"x":-0.04719282314181328,"y":0.3645590841770172,"z":0.35553908348083498},"rotation":{"x":-0.2496434599161148,"y":-0.006803149823099375,"z":0.0017781314672902227,"w":-0.9683460593223572},"size":3.701023817062378,"orthographic":false}