{"cameraMode":{"drawMode":0,"name":"Shaded","section":"Shading Mode"},"sceneLighting":false,"audioPlay":false,"sceneViewState":{"showFog":true,"showMaterialUpdate":false,"showSkybox":false,"showFlares":true,"showImageEffects":true,"showParticleSystems":true},"in2DMode":false,"pivot":{"x":-0.0729091465473175,"y":0.03735695779323578,"z":0.003583937883377075},"rotation":{"x":-0.2826404869556427,"y":-0.041255682706832889,"z":0.012192390859127045,"w":-0.9582945704460144},"size":0.2910540997982025,"orthographic":false}