{"cameraMode":{"drawMode":0,"name":"Shaded","section":"Shading Mode"},"sceneLighting":false,"audioPlay":false,"sceneViewState":{"showFog":true,"showMaterialUpdate":false,"showSkybox":false,"showFlares":true,"showImageEffects":true,"showParticleSystems":true},"in2DMode":false,"pivot":{"x":-0.003292180597782135,"y":-0.09532102197408676,"z":0.029856916517019273},"rotation":{"x":-0.23362573981285096,"y":-0.006711049936711788,"z":0.0016130537260323763,"w":-0.9723073244094849},"size":0.32369154691696169,"orthographic":false}